{
    "models_evaluation": {
        "Logistic Regression (Baseline)": {
            "accuracy": 0.6343690551680405,
            "precision": 0.5910064637815112,
            "recall": 0.6573140875599262,
            "f1_macro": 0.6022918805243824,
            "classification_report": {
                "normal": {
                    "precision": 0.8598290598290599,
                    "recall": 0.5844759470137114,
                    "f1-score": 0.6959048146098505,
                    "support": 4303.0
                },
                "severely stunted": {
                    "precision": 0.6147540983606558,
                    "recall": 0.6326687116564417,
                    "f1-score": 0.6235827664399093,
                    "support": 1304.0
                },
                "stunted": {
                    "precision": 0.3428018076178179,
                    "recall": 0.6013590033975085,
                    "f1-score": 0.43667763157894735,
                    "support": 883.0
                },
                "tinggi": {
                    "precision": 0.5466408893185114,
                    "recall": 0.810752688172043,
                    "f1-score": 0.6530023094688222,
                    "support": 1395.0
                },
                "accuracy": 0.6343690551680405,
                "macro avg": {
                    "precision": 0.5910064637815112,
                    "recall": 0.6573140875599262,
                    "f1-score": 0.6022918805243824,
                    "support": 7885.0
                },
                "weighted avg": {
                    "precision": 0.7059913538912614,
                    "recall": 0.6343690551680405,
                    "f1-score": 0.6473246563217561,
                    "support": 7885.0
                }
            },
            "confusion_matrix": [
                [
                    2515,
                    336,
                    514,
                    938
                ],
                [
                    7,
                    825,
                    472,
                    0
                ],
                [
                    185,
                    167,
                    531,
                    0
                ],
                [
                    218,
                    14,
                    32,
                    1131
                ]
            ]
        },
        "Decision Tree (Baseline)": {
            "accuracy": 0.9885859226379201,
            "precision": 0.9833294587905381,
            "recall": 0.9844165321243996,
            "f1_macro": 0.9838685771495973,
            "classification_report": {
                "normal": {
                    "precision": 0.9934868574086997,
                    "recall": 0.99256332791076,
                    "f1-score": 0.9930248779353639,
                    "support": 4303.0
                },
                "severely stunted": {
                    "precision": 0.99,
                    "recall": 0.9869631901840491,
                    "f1-score": 0.988479262672811,
                    "support": 1304.0
                },
                "stunted": {
                    "precision": 0.9584269662921349,
                    "recall": 0.9660249150622876,
                    "f1-score": 0.9622109419063734,
                    "support": 883.0
                },
                "tinggi": {
                    "precision": 0.9914040114613181,
                    "recall": 0.9921146953405018,
                    "f1-score": 0.9917592260838409,
                    "support": 1395.0
                },
                "accuracy": 0.9885859226379201,
                "macro avg": {
                    "precision": 0.9833294587905381,
                    "recall": 0.9844165321243996,
                    "f1-score": 0.9838685771495973,
                    "support": 7885.0
                },
                "weighted avg": {
                    "precision": 0.9886155427589257,
                    "recall": 0.9885859226379201,
                    "f1-score": 0.9885985276311353,
                    "support": 7885.0
                }
            },
            "confusion_matrix": [
                [
                    4271,
                    0,
                    20,
                    12
                ],
                [
                    0,
                    1287,
                    17,
                    0
                ],
                [
                    17,
                    13,
                    853,
                    0
                ],
                [
                    11,
                    0,
                    0,
                    1384
                ]
            ]
        },
        "Random Forest (Baseline)": {
            "accuracy": 0.9915028535193405,
            "precision": 0.9875881772097367,
            "recall": 0.9881594133869713,
            "f1_macro": 0.9878723290572914,
            "classification_report": {
                "normal": {
                    "precision": 0.9958120055839925,
                    "recall": 0.9946548919358587,
                    "f1-score": 0.9952331124287873,
                    "support": 4303.0
                },
                "severely stunted": {
                    "precision": 0.9877862595419847,
                    "recall": 0.9923312883435583,
                    "f1-score": 0.990053557765876,
                    "support": 1304.0
                },
                "stunted": {
                    "precision": 0.9739229024943311,
                    "recall": 0.9728199320498301,
                    "f1-score": 0.973371104815864,
                    "support": 883.0
                },
                "tinggi": {
                    "precision": 0.992831541218638,
                    "recall": 0.992831541218638,
                    "f1-score": 0.992831541218638,
                    "support": 1395.0
                },
                "accuracy": 0.9915028535193405,
                "macro avg": {
                    "precision": 0.9875881772097367,
                    "recall": 0.9881594133869713,
                    "f1-score": 0.9878723290572914,
                    "support": 7885.0
                },
                "weighted avg": {
                    "precision": 0.9915061845749097,
                    "recall": 0.9915028535193405,
                    "f1-score": 0.9915034378770047,
                    "support": 7885.0
                }
            },
            "confusion_matrix": [
                [
                    4280,
                    0,
                    13,
                    10
                ],
                [
                    0,
                    1294,
                    10,
                    0
                ],
                [
                    8,
                    16,
                    859,
                    0
                ],
                [
                    10,
                    0,
                    0,
                    1385
                ]
            ]
        },
        "Logistic Regression Tuned": {
            "accuracy": 0.6329740012682308,
            "precision": 0.5908559212074915,
            "recall": 0.6598160920250119,
            "f1_macro": 0.6026050143457087,
            "classification_report": {
                "normal": {
                    "precision": 0.8613518197573656,
                    "recall": 0.5775040669300489,
                    "f1-score": 0.691430161380078,
                    "support": 4303.0
                },
                "severely stunted": {
                    "precision": 0.6118855465884079,
                    "recall": 0.6395705521472392,
                    "f1-score": 0.625421822272216,
                    "support": 1304.0
                },
                "stunted": {
                    "precision": 0.34889753566796367,
                    "recall": 0.609286523216308,